x,y,label
1,3634.411524,a
2,2335.053568,a
3,1918.651354,a
4,7040.048484,a
5,4971.229366,a
6,2853.38399,a
7,8587.043465,a
8,6657.786109,a
9,3900.236272,a
10,2556.9025,a
11,7317.113208,a
12,5145.127298,a
13,6053.371369,a
14,3413.18429899999,a
15,4018.33263600001,a
16,5822.86173599999,a
17,6045.05867100001,a
18,5240.70675999999,a
19,4372.95039200001,a
20,531.740868999989,a
21,2361.43305,a
22,3211.774312,a
23,7313.63200600001,a
24,9043.388314,a
25,4778.94871300001,a
26,4074.107699,a
27,7775.654532,a
28,6949.458588,a
29,690.849259999993,a
30,2900.342835,a
31,4584.43362,a
32,2279.92645800001,a
33,3383.26421399998,a
34,2307.75495200001,a
35,4411.25349999999,a
36,4245.42050000002,a
37,8515.82259999998,a
38,4732.28259700002,a
39,5582.00668399999,a
40,3254.07818400001,a
41,3637.21837,a
42,7690.98812599998,a
43,878.624450000018,a
44,7090.25778699998,a
45,2906.804631,a
46,5257.18269100003,a
47,4096.39694099997,a
48,4174.42760599999,a
49,7179.502383,a
50,4413.557083,a
51,8248.90142000004,a
52,5966.374863,a
53,2694.37172199997,a
54,7532.29216800003,a
55,2476.29515099999,a
56,6416.45982199998,a
57,3989.208658,a
58,9179.01685600003,a
59,2654.72831799997,a
60,5929.33150500005,a
61,1714.25353799998,a
62,7628.04391200001,a
63,6963.45515100001,a
64,6879.765932,a
65,3398.27266999998,a
66,4839.92841700001,a
67,5115.76413,a
68,2317.572966,a
69,7612.92347,a
70,2958.372709,a
71,4859.11840199998,a
72,7137.91051600003,a
73,3211.189123,a
74,5062.989528,a
75,7821.08965599997,a
76,7352.54113600001,a
77,8225.91250900001,a
78,4966.38043499996,a
79,2677.89828299999,a
80,1741.47660600005,a
81,1963.71885899998,a
82,3049.82198699997,a
83,4209.47499900001,a
84,4158.94983200002,a
85,3420.89689699998,a
86,3343.00952200005,a
87,2892.32975499999,a
88,2079.320236,a
89,7541.55249199999,a
90,2333.79969299995,a
91,3197.12420100007,a
92,5810.79861399996,a
93,2968.14178500006,a
94,4355.30707699991,a
95,3335.24237400002,a
96,2640.24815499999,a
97,3120.64620500007,a
98,7717.68092799994,a
99,2670.43060200001,a
100,7290.34828900001,a
101,3114.58859799995,a
102,631.456870000079,a
103,3239.94261099995,a
104,5814.69189200004,a
105,3968.73527399998,a
106,3327.81903,a
107,1815.14045699998,a
108,2699.59181299998,a
109,3631.54083800009,a
110,4916.13554499997,a
111,6878.06038899998,a
112,5101.06213999995,a
113,7467.47949200005,a
114,2454.60376400001,a
115,7568.655014,a
116,3203.65005399992,a
117,2394.24704300006,a
118,5181.65854200004,a
119,7892.79911199992,a
120,5377.90778099998,a
121,4851.8294380001,a
122,2612.44953799996,a
123,2178.96837299998,a
124,4443.34855,a
125,6070.73366999998,a
126,6219.27293500005,a
127,257.610828999987,a
128,7231.84827499995,a
129,3694.64607400005,a
130,4076.30212499998,a
131,3935.068452,a
132,4160.43039800002,a
133,1784.46087600003,a
134,1880.60013799998,a
135,4652.419893,a
136,5990.38074999999,a
137,5171.45647300003,a
138,2555.98428299993,a
139,2981.84230300001,a
140,7261.46085100004,a
141,8084.33785399995,a
142,4293.94949500011,a
143,3657.83128299995,a
144,4373.13144999996,a
145,2308.53575000003,a
146,4077.10434600006,a
147,7631.127752,a
148,4207.97960699997,a
149,4951.22195499994,a
150,6073.80478000005,a
151,4423.18469899999,a
152,2480.19882100004,a
153,3138.39987199992,a
154,4915.77572300002,a
155,2601.16654900003,a
156,2679.67254199993,a
157,6474.648161,a
158,3850.37691700006,a
159,2641.80419900003,a
160,3330.41544599996,a
161,7090.68001499998,a
162,2884.23350599999,a
163,6665.92772400008,a
164,2886.08789599994,a
165,3541.82288300001,a
166,4867.04113300004,a
167,2086.77649699996,a
168,4036.96138999999,a
169,2980.92712100004,a
170,4962.11117500002,a
171,2863.22228299991,a
172,6846.08968500004,a
173,3042.473245,a
174,2697.47908299996,a
175,8054.7868650001,a
176,5397.55464999996,a
177,6927.81595700001,a
178,7791.47338999996,a
179,1969.75133299998,a
180,2746.00896600009,a
181,4091.43960599999,a
182,5225.90795799999,a
183,6307.74477,a
184,4781.62189699992,a
185,3361.91383900007,a
186,4685.54282399987,a
187,5316.99652200018,a
188,6834.46271799994,a
189,2485.6546179999,a
190,2504.96390100011,a
191,5155.38053799992,a
192,5581.80645300013,a
193,5608.99741699996,a
194,2657.30104799991,a
195,8077.00719900004,a
196,4348.84082300005,a
197,2664.86186199995,a
198,2501.97946000003,a
199,2465.07734600004,a
200,3093.07325700001,a
201,4584.92169900001,a
202,2548.85960000001,a
203,3479.86288699985,a
204,6031.16286500017,a
205,3340.10099699981,a
206,3275.73565200009,a
207,4963.67090700005,a
208,2427.52083799996,a
209,2721.50820299998,a
210,3828.19569699996,a
211,3158.01176100013,a
212,3488.40885100003,a
213,2153.11999799997,a
214,3231.260819,a
215,5550.74839899999,a
216,4543.94073200001,a
217,2776.17953999993,a
218,1935.38977599997,a
219,2854.64839500014,a
220,4728.74482299994,a
221,5194.02600199987,a
222,2280.75515299997,a
223,2821.98301000017,a
224,1857.70518200002,a
225,4471.91799699999,a
226,3282.80691700002,a
227,3460.50928799991,a
228,7272.46207899998,a
229,1881.55930400012,a
230,3663.51394599997,a
231,4496.53066899987,a
232,2853.004435,a
233,5529.50021100014,a
234,2885.52257699985,a
235,5146.90516300016,a
236,3516.53776499984,a
237,2442.58460100014,a
238,5587.00279699997,a
239,3249.20965299998,a
240,3115.17565400004,a
241,4979.56875699992,a
242,3163.03213500009,a
243,6362.32753900003,a
244,2414.38087799997,a
245,4839.08283100004,a
246,5564.90898799984,a
247,2443.37287500002,a
248,7123.01576999994,a
249,1659.15510400009,a
250,4134.58524199996,a
251,7332.02366499995,a
252,5728.53771000018,a
253,3572.78106699982,a
254,3683.02141800018,a
255,2992.61522500001,a
256,3104.11625699999,a
257,3011.18466399998,a
258,2722.08606799995,a
259,3057.94096099999,a
260,4577.31680300003,a
261,2860.38981799993,a
262,4744.73637899996,a
263,2710.631939,a
264,3765.256959,a
265,3399.10462000012,a
266,8007.40766499985,a
267,7253.49916600021,a
268,8726.61858299989,a
269,2334.11942499993,a
270,4666.67734700013,a
271,5251.139319,a
272,6405.06049600003,a
273,4221.45899899988,a
274,7622.52376300012,a
275,3272.20708300001,a
276,6558.38432999985,a
277,3424.67985100006,a
278,7896.70415000001,a
279,3872.222147,a
280,3254.26012399998,a
281,2151.19535700001,a
282,2634.67480999998,a
283,3303.31995999995,a
284,2422.07025300013,a
285,6135.79095099999,a
286,3628.74488399984,a
287,825.207549000197,a
288,4706.44739799991,a
289,3975.79032999988,a
290,8691.9252990001,a
291,6322.01408800006,a
292,7530.07734099992,a
293,3412.2192320001,a
294,2584.32468899991,a
295,4743.93871899997,a
296,4236.23727300014,a
297,4154.49191199991,a
298,5131.28096700007,a
299,3060.56735799984,a
300,4671.65750699996,a
301,6948.91264600005,a
302,5392.27620400015,a
303,6605.99724299982,a
304,4460.94767400018,a
305,6254.88606799991,a
306,3341.65089099997,a
307,4745.77682600011,a
308,2356.70925399995,a
309,3470.75167699995,a
310,3736.04788400007,a
311,2811.66717199994,a
312,4417.88477499995,a
313,1933.75296700015,a
314,3408.77834200001,a
315,4290.64651099998,a
316,5153.40821599989,a
317,4817.71294800001,a
318,7181.49441900005,a
319,6225.26198299988,a
320,3360.40620900008,a
321,2627.39159300008,a
322,2586.9372279999,a
323,1806.92313200007,a
324,6941.42094599988,a
325,5515.30386100012,a
326,3799.95762499993,a
327,6961.95645800003,a
328,3495.98893999996,a
329,4720.65248100012,a
330,7072.76323999986,a
331,3438.32711799996,a
332,2554.23332100008,a
333,2914.92063600003,a
334,3591.80205200005,a
335,8900.88111199998,a
336,9091.14029199986,a
337,4262.080234,a
338,4357.85787600003,a
339,5785.41177000011,a
340,3116.7302849999,a
341,7023.4273210001,a
342,5459.74971099986,a
343,7608.26219200021,a
344,6788.56880199987,a
345,2415.56239600004,a
346,5465.93144000008,a
347,3294.4708,a
348,2275.32277099999,a
349,3135.9591769999,a
350,5137.19422500003,a
351,2763.45124699992,a
352,3425.41622700014,a
353,3710.24498099996,a
354,3154.27767699998,a
355,3020.04865499998,a
356,6835.51552499989,a
357,3806.23245300012,a
358,5056.24050000006,a
359,5235.91898699988,a
360,2463.63792900001,a
361,4970.822193,a
362,2182.31652700001,a
363,2258.8796,a
364,1755.98363299991,a
365,3460.70544899999,a
366,6287.29779700006,a
367,5339.10889699996,a
368,5348.43217700018,a
369,3189.03266199982,a
370,4239.69140700001,a
371,7297.77878499999,a
372,5563.75202700019,a
373,5771.98558499981,a
374,2255.62630000013,a
375,3492.34674900003,a
376,3195.26170099994,a
377,7143.32422500001,a
378,3992.58014899988,a
379,5592.38317300014,a
380,2534.75971699982,a
381,8205.07854800007,a
382,1619.50764799985,a
383,4356.30608400015,a
384,3242.66386799991,a
385,5609.11013900022,a
386,4130.1015959998,a
387,2875.18235800007,a
388,2171.94667600006,a
389,3274.56400399979,a
390,8634.33305200033,a
391,3029.07564099996,a
392,3202.12369499995,a
393,5180.92797999998,a
394,3667.90330200001,a
395,2298.13675700007,a
396,1998.87865099981,a
397,4976.49511000009,a
398,3100.24466300001,a
399,4900.05213199993,a
400,3830.30548499983,a
401,3147.99915700041,a
402,3076.28563699973,a
403,7155.14041999995,a
404,4371.53436000017,a
405,5977.05521999978,a
406,7817.32870800033,a
407,3406.49670399989,a
408,2388.48932400015,a
409,4967.46860199983,a
410,3105.8494240001,a
411,3538.18895699987,a
412,8452.32613899998,a
413,4109.32885600005,a
414,2091.72929199985,a
415,3199.71279300034,a
416,4082.78228599966,a
417,4932.23509300014,a
418,3518.44988799985,a
419,7377.42332200014,a
420,6447.92545600012,a
421,4576.2630209997,a
422,2369.55439200028,a
423,7932.26310999989,a
424,8272.1069600002,a
425,2808.43911199963,a
426,3546.35838700005,a
427,5404.69078500018,a
428,2831.78775299984,a
429,7587.33868499985,a
430,6079.28194100032,a
431,2652.43027999986,a
432,2384.58470100022,a
433,5152.06774299986,a
434,3587.66280400005,a
435,2029.09415399972,a
436,3015.13859600027,a
437,5281.15432300001,a
438,3815.65035099993,a
439,5806.99416400012,a
440,5437.21555899992,a
441,4571.48202500002,a
442,2208.08940300003,a
443,7462.39125900001,a
444,3030.7936449999,a
445,2576.58295500005,a
446,2378.72707099996,a
447,2381.0343099999,a
448,3073.7876510002,a
449,3258.71338299976,a
450,3541.75502599992,a
451,1820.62104900024,a
452,2574.69894199994,a
453,3974.34668799997,a
454,5601.15859200005,a
455,5182.91348100001,a
456,4019.98811600015,a
457,2063.91068099992,a
458,4685.50202699998,a
459,2249.0448589997,a
460,2469.26883100014,a
461,3945.32397000012,a
462,6268.8318229998,a
463,2218.54408900026,a
464,3773.99350999985,a
465,3171.64589899994,a
466,6314.18557400002,a
467,3005.63568500002,a
468,2364.21443500012,a
469,8269.0683400001,a
470,8014.67224599992,a
471,2684.47297300008,a
472,5569.43914299973,a
473,2291.32021600026,a
474,2438.67282899964,a
475,5778.34051300033,a
476,2405.47571699972,a
477,7987.16056900003,a
478,4133.29893500031,a
479,2800.24921999984,a
480,1023.88429499979,a
481,4954.02873400008,a
482,3747.80704300019,a
483,3981.07629600008,a
484,5130.46138999971,a
485,3390.84087900028,a
486,2975.85029799984,a
487,6092.57827800002,a
488,6161.43202500007,a
489,5303.66827299986,a
490,3395.87111099991,a
491,5383.28236699999,a
492,3679.5036350004,a
493,3137.3367719998,a
494,384.4625669999,a
495,2707.45636099991,a
496,4213.50999600008,a
497,8544.69925000012,a
498,5257.73243999993,a
499,4148.25034100022,a
500,4693.81600999986,a
501,1714.61055400005,a
502,2705.24940999985,a
503,3088.75779200025,a
504,2179.17998999974,a
505,3498.68795700013,a
506,3027.66330299983,a
507,2825.41998600027,a
508,4415.26710399967,a
509,5765.51718700011,a
510,7450.40202500013,a
511,5714.57870599988,a
512,4576.73983099994,a
513,4531.74416499996,a
514,6057.52388100018,a
515,7563.5398039999,a
516,2743.4110019999,a
517,4553.92073800022,a
518,7663.43987399978,a
519,2284.30637600013,a
520,6895.65155299988,a
521,6359.13048900011,a
522,2466.33831899999,a
523,2555.68302099982,a
524,2574.45226900018,a
525,4335.9934959999,a
526,2384.11358200028,a
527,4814.44586099997,a
528,3276.16798200006,a
529,7188.66027199965,a
530,2518.40376500013,a
531,3726.50880900028,a
532,2173.23484899998,a
533,2534.37582999959,a
534,4895.34607700034,a
535,2021.14075899999,a
536,2611.64904399993,a
537,1918.05183399993,a
538,4678.78729099994,a
539,2476.56044599989,a
540,1706.22177200039,a
541,3508.7793609996,a
542,2329.39560400018,a
543,4638.83116199986,a
544,3131.24624400007,a
545,7497.30911500001,a
546,3287.25998100026,a
547,3944.1359399998,a
548,5636.08014700003,a
549,2073.8817360002,a
550,2411.19402099957,a
551,2571.41049600023,a
552,3118.30453099992,a
553,3817.98040800004,a
554,2462.23404800003,a
555,5394.97753700016,a
556,4543.21408099986,a
557,5968.75630099976,a
558,2753.07570000041,a
559,4217.57232999971,a
560,5185.96914099999,a
561,3944.10109599994,a
562,4106.30054300009,a
563,4429.0253260001,a
564,5940.49950699991,a
565,3014.26256700006,a
566,5968.67861300007,a
567,2249.70726699985,a
568,1748.48505799991,a
569,3363.56956899999,a
570,2342.80270900035,a
571,3250.26877499977,a
572,2098.79490000003,a
573,5601.14775300008,a
574,7315.73589299978,a
575,6517.18560300014,a
576,5953.57363799985,a
577,4774.12963100005,a
578,2593.80151300002,a
579,5336.6361530002,a
580,7311.67919600011,a
581,6318.77638299966,a
582,1701.82426000019,a
583,2144.79938199975,a
584,3128.5589160002,a
585,2641.11323999987,a
586,2217.3581080001,a
587,2399.28286199984,a
588,4626.50855900029,a
589,7149.14541899998,a
590,4342.17745099977,a
591,3472.53308600011,a
592,5237.33380900012,a
593,2622.49876899978,a
594,4827.8908100001,a
595,4532.99861000005,a
596,3625.27440099984,a
597,3474.87923400013,a
598,2823.37278100022,a
599,3450.93486499991,a
600,6649.49984499981,a
601,2877.07528400006,a
602,7911.00477999998,a
603,5877.80622199989,a
604,2122.26600500026,a
605,2931.31704300004,a
606,3810.46577400002,a
607,5309.24304699965,a
608,5399.67986400006,a
609,8114.52080300023,a
610,2839.95910399972,a
611,4681.08949600037,a
612,3301.52718799991,a
613,2601.21492500002,a
614,2565.71800699976,a
615,2630.214841,a
616,3906.67316200006,a
617,7554.25129700006,a
618,5185.55066799991,a
619,7632.63563600003,a
620,2929.33309999989,a
621,2015.67513200007,a
622,5422.53354000013,a
623,4432.47834900012,a
624,7953.59485099971,a
625,6077.46727099993,a
626,7031.96040900002,a
627,3305.94751400031,a
628,6276.7867309999,a
629,7361.2648950002,a
630,3132.6024,a
631,4669.08416299975,a
632,6037.35695900014,a
633,2202.09886199973,a
634,3540.87498800027,a
635,2579.50478800012,a
636,6691.99969499959,a
637,3110.23063100038,a
638,2333.06382699993,a
639,2140.29472199991,a
640,7380.68284700012,a
641,3232.93984499969,a
642,4490.34415200003,a
643,2940.59511400019,a
644,2620.39446900008,a
645,2278.86208900009,a
646,2053.77588399961,a
647,5582.46793400031,a
648,3867.05086599977,a
649,4720.20977700004,a
650,2635.83678700024,a
651,3559.58951799994,a
652,4122.60640899967,a
653,3281.35075600039,a
654,7490.43115599989,a
655,6911.39659999999,a
656,2723.88271699992,a
657,4350.02316100008,a
658,2970.46320799973,a
659,7118.38379900018,a
660,4457.94406899995,a
661,6368.1368460002,a
662,3819.90740699985,a
663,6845.15549200023,a
664,2851.76809899986,a
665,5093.06721799976,a
666,1867.68790099995,a
667,2727.21095900033,a
668,2592.26471700003,a
669,3491.41548099988,a
670,2491.84854199984,a
671,2306.56457900022,a
672,3826.85946899983,a
673,2372.83714200021,a
674,3047.43256799975,a
675,7518.2821100002,a
676,3341.20689600013,a
677,2497.69433599977,a
678,5271.185952,a
679,3837.59474899989,a
680,4289.42626600019,a
681,2189.47118300002,a
682,6953.90848599982,a
683,2474.35128699999,a
684,3959.37646900029,a
685,895.877679000023,a
686,5014.51936399963,a
687,2486.6946090001,a
688,3410.37647700023,a
689,3217.79588299978,a
690,4322.22485400007,a
691,4969.34293300001,a
692,6947.91529800023,a
693,1856.9581339998,a
694,1866.61377600012,a
695,2533.26481499971,a
696,5827.05067899997,a
697,3764.75756700029,a
698,2254.00872299997,a
699,4851.18609799974,a
700,4328.89701300019,a
701,5762.28024200009,a
702,2423.47389899987,a
703,6265.24692200019,a
704,7434.13472999964,a
705,2970.30232100042,a
706,5267.94668099956,a
707,4877.85165900004,a
708,6383.2201590003,a
709,4220.73957099974,a
710,1749.89973500033,a
711,4638.5780139999,a
712,8404.23290099989,a
713,3330.34506000013,a
714,4930.80110399978,a
715,2765.09998200027,a
716,4916.55246999971,a
717,5277.26618499992,a
718,3633.60970200029,a
719,3932.79995900002,a
720,7682.76836899986,a
721,4255.0547589999,a
722,5174.72309499999,a
723,3480.91479599998,a
724,5332.16302100027,a
725,7406.05193700003,a
726,5417.82613799978,a
727,3358.75644999987,a
728,8172.50214500018,a
729,5418.82771600012,a
730,4260.47963700012,a
731,6389.22852299993,a
732,3103.58250299987,a
733,5004.84365900002,a
734,6346.689126,a
735,2338.10859699997,a
736,3717.18340400002,a
737,8077.88239999991,a
738,6904.02999100024,a
739,2691.80831799986,a
740,1699.63773400013,a
741,6125.35032000005,a
742,4636.11717799995,a
743,6513.26775100006,a
744,3995.8591679997,a
745,4608.00513999993,a
746,2320.04245000007,a
747,4856.28402700013,a
748,2477.49367100005,a
749,3117.22831799989,a
750,4134.69457200017,a
751,7684.5832529998,a
752,2296.80052699996,a
753,7686.40166100022,a
754,3985.44881699991,a
755,3078.98513100008,a
756,6026.50081999991,a
757,7061.04704300014,a
758,4376.07946999969,a
759,2680.71730200018,a
760,2324.81747800011,a
761,7384.64245399973,a
762,5461.43116500025,a
763,6191.18393600002,a
764,8368.28278699977,a
765,3209.93753599987,a
766,6532.30328400014,a
767,5200.72743900027,a
768,2150.94583899963,a
769,3701.42497100005,a
770,5510.87525999992,a
771,5158.6300479994,a
772,3056.64334500034,a
773,2284.86496099958,a
774,5124.60464000014,a
775,5048.95113900056,a
776,2434.38680599957,a
777,7279.15008899981,a
778,2526.81317899987,a
779,8439.26996900063,a
780,2827.48643200011,a
781,7645.06526999958,a
782,1305.98943400037,a
783,7686.69657000009,a
784,4590.95622199948,a
785,3128.26242200026,a
786,4667.99802100013,a
787,4411.99255699939,a
788,5410.07657900082,a
789,1844.67153099922,a
790,3357.94314100076,a
791,3791.33565899974,a
792,3456.79753799959,a
793,7471.84615500009,a
794,4491.05780399987,a
795,2539.50010700009,a
796,3735.33181499988,a
797,2142.37369300008,a
798,2263.18898600039,a
799,4874.8428429999,a
800,3665.6271869997,a
801,2837.82905299995,a
802,7315.13823500063,a
803,5000.43781800014,a
804,7887.92936899972,a
805,3886.42581000022,a
806,2305.02484799945,a
807,5072.04009399993,a
808,4614.05448999994,a
809,2793.68182300004,a
810,5457.81707800052,a
811,7219.55271499974,a
812,3092.39596499992,a
813,2017.30435500031,a
814,2863.14075100017,a
815,2908.42641499967,a
816,4492.58515699967,a
817,2532.85510900059,a
818,4624.67537299926,a
819,8038.08375400058,a
820,2148.96467899962,a
821,8353.44337600054,a
822,4143.25066699985,a
823,3941.44110300022,a
824,5371.21016099991,a
825,4035.77326199957,a
826,4646.63450999979,a
827,4657.46964000027,a
828,4442.01830800012,a
829,3819.47406400013,a
830,2354.73426099998,a
831,4648.84948999952,a
832,2594.58494000046,a
833,8033.12549499969,a
834,3578.18136600054,a
835,2420.06344899983,a
836,3484.2696249998,a
837,3872.45994000023,a
838,2342.01906199996,a
839,5622.90562999988,a
840,4399.19780299988,a
841,3472.71682300016,a
842,2919.86890699991,a
843,5230.19296799976,a
844,5215.10074700018,a
845,5591.4453739997,a
846,6006.24712300032,a
847,6074.22347299962,a
848,2575.87132800018,a
849,3743.64896800034,a
850,7720.01109600023,a
851,2923.18539999997,a
852,7986.56875799952,a
853,7484.06982000051,a
854,3881.17121899995,a
855,2292.03868700006,a
856,4657.46442599993,a
857,7309.85466899983,a
858,4744.22283199965,a
859,3597.61694900044,a
860,2242.71902300006,a
861,3069.7423369993,a
862,4895.4606920006,a
863,4155.91935999964,a
864,3901.74918800039,a
865,2817.97907799955,a
866,2933.25585300045,a
867,7362.11784599982,a
868,6186.01963899982,a
869,4018.66642599998,a
870,5991.07620700033,a
871,2956.77925099972,a
872,3010.22101800027,a
873,2446.77364800009,a
874,1935.0569749995,a
875,3684.63574199995,a
876,7394.17053500074,a
877,2866.65440599972,a
878,3158.62822100007,a
879,4222.25885899934,a
880,3097.76889100067,a
881,3708.90229699944,a
882,3399.25901000061,a
883,3872.68120999943,a
884,6763.45978100017,a
885,2979.51927899976,a
886,2939.85764100034,a
887,2324.42511800036,a
888,4564.27408999934,a
889,4442.16467600017,a
890,1829.06467500015,a
891,2399.10225499989,a
892,5865.19941700044,a
893,392.911564999849,a
894,4096.40667500025,a
895,7348.40959099984,a
896,2381.00839399976,a
897,4929.74602300001,a
898,2190.90325999969,a
899,3765.99518000057,a
900,4104.3551039993,a
901,5448.6053820001,a
902,1749.78517599993,a
903,3770.45378900038,a
904,6406.33041300043,a
905,4353.55195199918,a
906,6823.36574500005,a
907,4088.43067900034,a
908,7274.23413799988,a
909,7109.18648400002,a
910,3412.34665899992,a
911,2488.431494,a
912,6219.85146299994,a
913,5663.8419130004,a
914,3976.95347900026,a
915,3120.80884499937,a
916,7413.93817100015,a
917,3485.16657500022,a
918,2787.22260799987,a
919,2446.41195999975,a
920,6844.03449599995,a
921,3137.65442100066,a
922,7478.01876299945,a
923,1957.47693500016,a
924,4524.58888700039,a
925,6040.58149799948,a
926,7479.65651200047,a
927,5817.02514700009,a
928,2246.64607299928,a
929,5585.89135000057,a
930,7474.54526199999,a
931,3644.11444799953,a
932,7312.45731600029,a
933,2404.85690100013,a
934,3788.25999499986,a
935,5846.22791499987,a
936,5111.51032999987,a
937,4246.9438119997,a
938,2862.23527300081,a
939,6961.07909300008,a
940,6983.50462099916,a
941,4574.61929000056,a
942,4876.11235399982,a
943,2748.67752400041,a
944,5228.25929899955,a
945,2346.59515099975,a
946,4760.39410900012,a
947,4547.57106200032,a
948,6105.96969200014,a
949,3814.02144000003,a
950,4588.81664399996,a
951,3877.44719199964,a
952,4336.58192100029,a
953,4072.00334400022,a
954,8306.72445099935,a
955,2991.93793399991,a
956,2738.48371800068,a
957,3096.62974599996,a
958,5876.09590899956,a
959,4056.90148099984,a
960,2329.57375700062,a
961,2000.15098899985,a
962,3045.50470399954,a
963,3989.60356000043,a
964,3133.34693300021,a
965,1711.90862599997,a
966,5751.4541999999,a
967,3904.52226199977,a
968,4057.8948350003,a
969,4913.69961700002,a
970,2782.79354099959,a
971,6324.93904800049,a
972,2578.52092499979,a
973,8589.79027199985,a
974,6253.90053899991,a
975,2465.66415699999,a
976,2957.3974470004,a
977,8523.13814699937,a
978,4002.67525700019,a
979,3381.38609900034,a
980,2531.75095799998,a
981,8266.8496440001,a
982,4946.44800399965,a
983,3239.70147799992,a
984,5012.23069299976,a
985,8612.574236,a
986,2998.94111000049,a
987,7499.7377869995,a
988,8137.59058699998,a
989,6422.91852100061,a
990,2123.73879299957,a
991,2806.60785600048,a
992,5265.62773800015,a
993,4003.2028709993,a
994,4939.72174400005,a
995,2275.07807199981,a
996,7299.99664700063,a
997,3454.59907099939,a
998,1810.93056900045,a
999,8436.03992899989,a
1000,2966.45226600049,a
1,7515.3,b
2,2453.19,b
3,1580.29,b
4,3873.61,b
5,3189.27,b
6,2221.98,b
7,2027.21,b
8,1943.9,b
9,3839.81,b
10,5177.14,b
11,7642.16,b
12,3598.11,b
13,1891.83,b
14,2264.69,b
15,2129.66,b
16,2083.05,b
17,2800.74,b
18,5584.22,b
19,3588.51,b
20,3988.7,b
21,4646.86,b
22,3210.8,b
23,6957.92,b
24,2489.86,b
25,3868.07,b
26,3198.94,b
27,1951.28,b
28,1551.76,b
29,5013.01,b
30,2152.83,b
31,3393.94,b
32,2528.72,b
33,6697.23,b
34,3181.03,b
35,4746.77,b
36,2194.3,b
37,5921.65,b
38,4469.95,b
39,3025.94,b
40,4212.62,b
41,7069.21,b
42,7643.49,b
43,2837.2,b
44,5649.72,b
45,2374.2,b
46,2967,b
47,3685.67,b
48,6073.64,b
49,2406.65,b
50,2541.07,b
51,6174.16,b
52,5650.66,b
53,8075.03,b
54,3333.29,b
55,7189.59,b
56,5752.99,b
57,3620.99,b
58,5500.16,b
59,5047.57,b
60,6439.59,b
61,2776.11,b
62,2940.08,b
63,4208.2,b
64,3872.5,b
65,3361.99,b
66,3977.8,b
67,4411.69,b
68,3090.66,b
69,3899.51,b
70,2952.42,b
71,3392.52,b
72,2394.43,b
73,5825.89,b
74,1892.09,b
75,3311.58,b
76,5017.83,b
77,3080.9,b
78,8007.52,b
79,4000.64,b
80,7748.78,b
81,2804.28,b
82,2820.44,b
83,6198.54,b
84,4902.83,b
85,6077.57,b
86,5594.46,b
87,2814.92,b
88,3973.84,b
89,2029.8,b
90,6532.67,b
91,2878.2,b
92,4956.73,b
93,2759.31,b
94,4674.61,b
95,6674.36,b
96,1644.07,b
97,5599.73,b
98,2498.82,b
99,2745.28,b
100,3313.12,b
101,3100.77,b
102,4968.32,b
103,2615,b
104,2816.26,b
105,3071.39,b
106,2430.11,b
107,1729.64,b
108,5651.97,b
109,5398.13,b
110,3671.54,b
111,4359.55,b
112,2435.39,b
113,2987.19,b
114,5507.66,b
115,2793.09,b
116,3938.15,b
117,5175.89,b
118,6509.47,b
119,2793.52,b
120,7400.63,b
121,2439.99,b
122,4600.16,b
123,2291.92,b
124,4243.7,b
125,5235.74,b
126,2432.65,b
127,5047.72,b
128,2592.81,b
129,2509.04,b
130,2655.62,b
131,6226.6,b
132,2443.22,b
133,2257.77,b
134,1442.48,b
135,6409.43,b
136,3537.14,b
137,3545.78,b
138,2493.08,b
139,6200.65,b
140,4855.01,b
141,3358.78,b
142,3079.17,b
143,6622.35,b
144,4127.16,b
145,2613.37,b
146,5671.7,b
147,5771.81,b
148,5309.09,b
149,4698.74,b
150,2817.74,b
151,3637.07,b
152,5027.61,b
153,1521.39,b
154,4948.75,b
155,4134.71,b
156,4140.57,b
157,2775.16,b
158,2232.73,b
159,6681.92,b
160,5088.87,b
161,2535.52,b
162,2434.19,b
163,2499.22,b
164,2832.15,b
165,6017.77,b
166,2605.94,b
167,4092.69,b
168,1907.93,b
169,2527.51,b
170,2501.46,b
171,4134.12,b
172,2296.48,b
173,5943.2,b
174,2381.21,b
175,2414.27,b
176,4090.16,b
177,5304.68,b
178,3212.98,b
179,7420.2,b
180,1484.57,b
181,7091.62,b
182,5256.14,b
183,2494.16,b
184,4612.14,b
185,7324.75,b
186,1928.03,b
187,7117.37,b
188,2175.85,b
189,3928.25,b
190,3739.77,b
191,4933.35,b
192,7759.11,b
193,2953.43,b
194,5727.69,b
195,1843.51,b
196,3185.66,b
197,2031.63,b
198,1465.49,b
199,3209.23,b
200,1849.84,b
201,1761.64,b
202,2100.14,b
203,2724.37,b
204,1595.3,b
205,3170.78,b
206,3740.88,b
207,2254.8,b
208,2498.62,b
209,1607.87,b
210,7452.95,b
211,5635.23,b
212,4114.46,b
213,2029.23,b
214,2215.84,b
215,3799.37,b
216,4808.72,b
217,5128,b
218,1563.31,b
219,1992.58,b
220,1844.06,b
221,2320.62,b
222,6770.73,b
223,3711.32,b
224,5650.9,b
225,2494.35,b
226,1757.59,b
227,3774.38,b
228,4356.21,b
229,2394.1,b
230,2701.47,b
231,3609.96,b
232,3160.37,b
233,2652.75,b
234,4116.59,b
235,4998.13,b
236,1944.78,b
237,1752.72,b
238,6412.91,b
239,7472.34,b
240,3579.12,b
241,2934.64,b
242,5011.55,b
243,2726.24,b
244,2236.62,b
245,1853.19,b
246,7418.61,b
247,3204.55,b
248,7546.94,b
249,6127.88,b
250,3840.38,b
251,1446.3,b
252,4461.37,b
253,2272.51,b
254,3657.97,b
255,2617.28,b
256,6435.87,b
257,2210.71,b
258,4748.41,b
259,5739.1,b
260,3489.76,b
261,7307.83,b
262,3554.72,b
263,6215.62,b
264,2788.46,b
265,5796.11,b
266,2629.56,b
267,3538.16,b
268,2073.7,b
269,3362.47,b
270,6413.85,b
271,6853.69,b
272,5610.73,b
273,3928.26,b
274,3632.48,b
275,5376.1,b
276,2628.33,b
277,5934.57,b
278,4098.87,b
279,4779.45,b
280,3295.24,b
281,8273.39,b
282,3621.58,b
283,2302.67,b
284,3029.38,b
285,2659.63,b
286,5541.16,b
287,3443.38,b
288,6607.14,b
289,4341.92,b
290,4237.26,b
291,7593.48,b
292,4400.24,b
293,3171.03,b
294,3968.68,b
295,4289.09,b
296,5935.14,b
297,5052.64,b
298,1905.45,b
299,6320.01,b
300,5861.3,b
301,6368.96,b
302,3714.06,b
303,4553.12,b
304,2671.25,b
305,4497.01,b
306,3115.35,b
307,1892.63,b
308,4960.27,b
309,4037.33,b
310,3109.54,b
311,3813.74,b
312,2372.31,b
313,2853.26,b
314,4484.12,b
315,1470.93,b
316,6437.81,b
317,2950.84,b
318,2288.82,b
319,3293.63,b
320,3125.18,b
321,2095.47,b
322,3672.8,b
323,2594.77,b
324,2499.84,b
325,1753.54,b
326,3132.62,b
327,4010.66,b
328,2335.1,b
329,1954.51,b
330,3036.97,b
331,2134.38,b
332,2876.39,b
333,4495.12,b
334,4580.77,b
335,4123.07,b
336,2362.21,b
337,7187.21,b
338,5066.44,b
339,2873.9,b
340,4217.56,b
341,4820.71,b
342,4738.39,b
343,4196,b
344,7595.72,b
345,4955.69,b
346,6419.08,b
347,4877.44,b
348,4121.19,b
349,5893.29,b
350,1498.14,b
351,2992.92,b
352,3140.32,b
353,3336.66,b
354,2534.8,b
355,5173.53,b
356,7598.7,b
357,3013.8,b
358,4917.89,b
359,4185.14,b
360,6048.9,b
361,5553.93,b
362,6115.22,b
363,3318.19,b
364,5575.31,b
365,2203.22,b
366,1540.56,b
367,4945.55,b
368,2583.47,b
369,1935.11,b
370,5854.15,b
371,1932.3,b
372,3655.28,b
373,7274.55,b
374,6136.31,b
375,4886.41,b
376,2973.74,b
377,2502.39,b
378,5445.71,b
379,4373.31,b
380,5702.41,b
381,2709.15,b
382,3090,b
383,2035.84,b
384,3439.35,b
385,2912.99,b
386,3364.48,b
387,2189.52,b
388,5511.83,b
389,5671.27,b
390,4375.83,b
391,5812.55,b
392,3171.85,b
393,6297.43,b
394,2614.95,b
395,2832.22,b
396,1497.96,b
397,3885.32,b
398,3314.88,b
399,2559.76,b
400,6612.97,b
401,5775.9,b
402,3069.42,b
403,5340.97,b
404,6315.31,b
405,3276.74,b
406,1638.78,b
407,2928.33,b
408,3972.86,b
409,8096.07,b
410,5664.1,b
411,3992.08,b
412,1716.57,b
413,2671.54,b
414,3032.56,b
415,1899.97,b
416,3460.36,b
417,3432.27,b
418,4161.64,b
419,7334.35,b
420,7034.08,b
421,5353.75,b
422,2032.97,b
423,2552.29,b
424,2452.52,b
425,5366.04,b
426,3475.65,b
427,7229.41,b
428,4490.52,b
429,4050.56,b
430,7755.63,b
431,4136.15,b
432,1696.04,b
433,5572.84,b
434,7615.22,b
435,3032.4,b
436,2436.28,b
437,5777.88,b
438,2701.34,b
439,3279.04,b
440,5723.16,b
441,2467.57,b
442,4560.36,b
443,7528.91,b
444,7481.56,b
445,3474.65,b
446,3141.88,b
447,2552.59,b
448,2664.41,b
449,3360.08,b
450,7354.63,b
451,3772,b
452,3130.22,b
453,6831.56,b
454,3151.85,b
455,6060.4,b
456,2614.81,b
457,3231.07,b
458,5429.98,b
459,2474.13,b
460,2537.25,b
461,6444.56,b
462,1735.41,b
463,3563.04,b
464,6474.5,b
465,2326.46,b
466,3844.93,b
467,2250.08,b
468,3265.93,b
469,1907.69,b
470,5439.26,b
471,2363.61,b
472,5701.81,b
473,3562.43,b
474,4778.92,b
475,5650.82,b
476,2306.9,b
477,2131.89,b
478,3615.95,b
479,3710.43,b
480,7750.02,b
481,5439.72,b
482,2953.91,b
483,4790.22,b
484,7952.91,b
485,4736.93,b
486,5474.59,b
487,5126.59,b
488,6748.01,b
489,5649.36,b
490,7196.9,b
491,7595.79,b
492,5449.18,b
493,6153.9,b
494,7591.7,b
495,4092.6,b
496,5787.66,b
497,4648.81,b
498,3317.34,b
499,4512.04,b
500,7031.32,b
501,6179.59,b
502,5455.16,b
503,7583.09,b
504,2531.27,b
505,3084.4,b
506,1920.13,b
507,4208.49,b
508,1918.62,b
509,2711.85,b
510,2799.87,b
511,1425.76,b
512,1894.9,b
513,7424.86,b
514,2597.03,b
515,2939.98,b
516,4922.7,b
517,8330.75,b
518,1811.56,b
519,7856.34,b
520,7477.83,b
521,7976.79,b
522,2909.74,b
523,5860.74,b
524,2762.18,b
525,4760.87,b
526,5978.96,b
527,5618.51,b
528,6739.69,b
529,4092.52,b
530,1834.62,b
531,3046.71,b
532,4539.45,b
533,2054.93,b
534,3559,b
535,3240.91,b
536,3577.3,b
537,2751.44,b
538,1338.65,b
539,4831.12,b
540,5694.86,b
541,3218.9,b
542,1993.31,b
543,3873.85,b
544,3470.48,b
545,1794.83,b
546,4674.38,b
547,3625.65,b
548,2426.19,b
549,2829.01,b
550,2329.58,b
551,4139.87,b
552,3845.97,b
553,4856.63,b
554,3344.67,b
555,3490.73,b
556,5718.24,b
557,3171.25,b
558,2280.29,b
559,6034.94,b
560,7185.88,b
561,4049.65,b
562,2437.58,b
563,4054.88,b
564,6400.4,b
565,5328.27,b
566,4088.69,b
567,5039.91,b
568,7430.19,b
569,4988.71,b
570,2499.78,b
571,3359.9,b
572,1765.45,b
573,2546.71,b
574,4034.52,b
575,6542.44,b
576,3017.01,b
577,3877.02,b
578,1607.21,b
579,5136.13,b
580,3807.73,b
581,4200.03,b
582,5807.22,b
583,5323.19,b
584,3256.18,b
585,5652.68,b
586,2089.32,b
587,4677.05,b
588,2864.13,b
589,6479.68,b
590,3535.58,b
591,1717.33,b
592,2635.05,b
593,2571.01,b
594,2717.12,b
595,2949.59,b
596,3687.73,b
597,2253.32,b
598,7367.24,b
599,4226.22,b
600,4623.42,b
601,2942.84,b
602,4386.99,b
603,2170.96,b
604,2153.05,b
605,1634.01,b
606,3843.7,b
607,1629.97,b
608,2617.91,b
609,4909.56,b
610,3131.08,b
611,2356.84,b
612,2084.98,b
613,2248.07,b
614,5827.36,b
615,5465.83,b
616,3304.64,b
617,2794.24,b
618,6442.27,b
619,6086.54,b
620,3298.41,b
621,8052.55,b
622,7394.84,b
623,2744.18,b
624,2066.19,b
625,3673.4,b
626,3562.55,b
627,7500.95,b
628,2508.54,b
629,5739.86,b
630,6804.7,b
631,6832.5,b
632,3659.68,b
633,2275.94,b
634,3409.92,b
635,2771.06,b
636,6513.27,b
637,6056.14,b
638,4185.98,b
639,6234.74,b
640,5629.29,b
641,7630.56,b
642,3023.09,b
643,2594.11,b
644,5239.5,b
645,2354.99,b
646,3231.1,b
647,5010.73,b
648,3953.1,b
649,4792.04,b
650,2007.93,b
651,5880.89,b
652,5291.6,b
653,3046.03,b
654,4730.76,b
655,4347.51,b
656,2305.22,b
657,5267.16,b
658,5721.38,b
659,6813.15,b
660,1637.19,b
661,4776.46,b
662,6859.14,b
663,3871.96,b
664,2374.54,b
665,5465.31,b
666,2661.75,b
667,3491.27,b
668,1665.55,b
669,3212.29,b
670,2391.32,b
671,3540.02,b
672,8238.98,b
673,2793.34,b
674,2552.25,b
675,6122.3,b
676,1503.89,b
677,3489.5,b
678,4425.91,b
679,5556.14,b
680,7569.43,b
681,6982.9,b
682,7884.01,b
683,2874.52,b
684,3329.2,b
685,2426.17,b
686,3622.13,b
687,4730.3,b
688,4560.62,b
689,1912.69,b
690,6598.96,b
691,5790.69,b
692,3359,b
693,2736.95,b
694,2221.22,b
695,2546.24,b
696,3031.37,b
697,3170.07,b
698,5814.82,b
699,5145.12,b
700,4305.14,b
701,6741.35,b
702,4953.16,b
703,5051.12,b
704,5105.07,b
705,2832.2,b
706,7141.19,b
707,5656.17,b
708,4088.27,b
709,7065.87,b
710,3690.52,b
711,3963.24,b
712,3935.17,b
713,3865.64,b
714,2095.48,b
715,3908.65,b
716,2433.59,b
717,7512.32,b
718,2725.26,b
719,4305.67,b
720,2455.75,b
721,4060.69,b
722,5063.97,b
723,5131.25,b
724,7315.01,b
725,4233.22,b
726,3495.89,b
727,2331.4,b
728,4399.05,b
729,5262.68,b
730,4251.57,b
731,5516.3,b
732,2710.02,b
733,2641.65,b
734,6030.52,b
735,3400.64,b
736,1432.16,b
737,7434.41,b
738,2928.77,b
739,2130.01,b
740,3688.63,b
741,7559.66,b
742,4673.2,b
743,7877.39,b
744,6063.75,b
745,5597.69,b
746,3098.48,b
747,3476.07,b
748,1938.77,b
749,2391.29,b
750,3412.56,b
751,5939.13,b
752,2865.82,b
753,5851.56,b
754,1793.24,b
755,3036.02,b
756,3369.42,b
757,3994.87,b
758,5532.92,b
759,5185.23,b
760,7201.88,b
761,3015.99,b
762,3769.42,b
763,7994.04,b
764,2243.65,b
765,4201.7,b
766,3522.44,b
767,2898.85,b
768,3606.48,b
769,6514.08,b
770,6933.37,b
771,3282.68,b
772,4103.54,b
773,2857.5,b
774,2782.63,b
775,1811.91,b
776,5178.62,b
777,1653.62,b
778,2894.28,b
779,5237.11,b
780,4198.75,b
781,2444.59,b
782,6584.46,b
783,5156.32,b
784,4928.71,b
785,8357.32,b
786,5873.55,b
787,4938.27,b
788,3270.98,b
789,7488.08,b
790,2022.91,b
791,2388.4,b
792,4782.72,b
793,4749.66,b
794,2950.24,b
795,2073.25,b
796,5727.05,b
797,1499.61,b
798,2299.01,b
799,3702.11,b
800,2546.99,b
801,7219,b
802,1899.32,b
803,3191.05,b
804,3916.78,b
805,3974.74,b
806,1648.9,b
807,5560.43,b
808,2204.61,b
809,2754.1,b
810,1852.53,b
811,5496.68,b
812,3357.77,b
813,6431.86,b
814,6771.16,b
815,3372.97,b
816,2764.16,b
817,3752.69,b
818,4012.2,b
819,3730.44,b
820,2831.12,b
821,2101.97,b
822,2790,b
823,2757.69,b
824,5840.97,b
825,2348.6,b
826,2876.78,b
827,2778.9,b
828,5120.34,b
829,2617.35,b
830,2118.74,b
831,6334.82,b
832,2678.18,b
833,4630.21,b
834,2506.62,b
835,3113.88,b
836,5527.09,b
837,2617.89,b
838,2881.16,b
839,4650.44,b
840,3657.39,b
841,6764.68,b
842,4594.2,b
843,4513.76,b
844,2171.09,b
845,3522.75,b
846,6290.75,b
847,4311.63,b
848,4191.89,b
849,2736.34,b
850,1704.92,b
851,4278.99,b
852,2607.81,b
853,2430.71,b
854,4499.72,b
855,2556.37,b
856,2535.56,b
857,2598.28,b
858,3422.16,b
859,4115.41,b
860,2787.91,b
861,5909.88,b
862,8215.44,b
863,2673.04,b
864,7253.07,b
865,3388.93,b
866,3046.04,b
867,2094.3,b
868,2776.37,b
869,2681.16,b
870,3033.21,b
871,4059.1,b
872,2218.21,b
873,2876.01,b
874,5311.98,b
875,6046.54,b
876,1545.14,b
877,4091.29,b
878,4095.77,b
879,3686.74,b
880,8152.3,b
881,5411.8,b
882,4270.05,b
883,3200.65,b
884,5571.55,b
885,2807.5,b
886,3194.72,b
887,3906.21,b
888,7012.37,b
889,6395.21,b
890,4837.79,b
891,3293.42,b
892,3398.42,b
893,2452.78,b
894,5135.64,b
895,3463.12,b
896,2251.88,b
897,2355.63,b
898,7233.22,b
899,2411.52,b
900,3762.27,b
901,5036.98,b
902,1538.07,b
903,3899.22,b
904,3360.52,b
905,2851.6,b
906,1881.86,b
907,3092.87,b
908,3191.73,b
909,3479.35,b
910,2669.79,b
911,4811.05,b
912,4735.76,b
913,4850.2,b
914,4117.16,b
915,6389.27,b
916,7693.44,b
917,8367.01,b
918,5799.31,b
919,2616.84,b
920,8009.89,b
921,3499.31,b
922,2877.49,b
923,2959.5,b
924,6146.26,b
925,1840.67,b
926,7716.18,b
927,2487.62,b
928,5337.41,b
929,4485.87,b
930,2739.5,b
931,6516.74,b
932,3460.14,b
933,4514.56,b
934,5226.64,b
935,5656.49,b
936,8329.81,b
937,3199.1,b
938,3888.9,b
939,1650.74,b
940,2902.22,b
941,5766.96,b
942,2999.02,b
943,3072.09,b
944,6863.87,b
945,4732.07,b
946,2315.16,b
947,7618.85,b
948,5176.54,b
949,4966.37,b
950,2152.31,b
951,3014.15,b
952,2515.65,b
953,2136.38,b
954,7102.38,b
955,5820.46,b
956,4316.66,b
957,3548.15,b
958,2799.45,b
959,5197.62,b
960,5218.47,b
961,2418.85,b
962,5619.39,b
963,4961.75,b
964,5796.11,b
965,2535.95,b
966,3649.15,b
967,3264.69,b
968,3912.07,b
969,2061.96,b
970,2563.48,b
971,2319.25,b
972,2347.84,b
973,6686.22,b
974,1628.05,b
975,2148.48,b
976,2409.46,b
977,4881.58,b
978,5419.95,b
979,6655.56,b
980,2695.02,b
981,3071.87,b
982,6620.96,b
983,3849.63,b
984,2414.37,b
985,3114.14,b
986,2306.21,b
987,2015.03,b
988,7004.07,b
989,3743.4,b
990,1831.21,b
991,2979.51,b
992,8295.2,b
993,3217.52,b
994,2733.21,b
995,2938.41,b
996,2985,b
997,3269.24,b
998,6568.77,b
999,7208.77,b
1000,1735.18,b